{"cameraMode":{"drawMode":0,"name":"Shaded","section":"Shading Mode"},"sceneLighting":true,"audioPlay":false,"sceneViewState":{"showFog":true,"showMaterialUpdate":false,"showSkybox":true,"showFlares":true,"showImageEffects":true,"showParticleSystems":true},"in2DMode":false,"pivot":{"x":40.20287322998047,"y":-0.9550932049751282,"z":3.6348717212677},"rotation":{"x":-0.06941905617713928,"y":-0.648947536945343,"z":0.05989934876561165,"w":-0.7553902268409729},"size":32.88493347167969,"orthographic":false}